instance_class,tabucol,wilcoxon_best
reecn,-99.99716933305028,tabucol
rsqrp,-99.99876833321018,tabucol
rsqrpecn,-99.998069999807,tabucol
rvisp,-99.9992379999238,tabucol
rvispecn,-99.99871249987126,tabucol
sqrp,-99.99771487156637,tabucol
sqrpecn,-99.99527386316376,tabucol
visp,-99.99849266651592,tabucol
vispecn,-99.99673268260014,tabucol
