instance_class,c_pwls,wilcoxon_best
reecn,-100.00232688912158,c_pwls
rsqrp,-100.001160000116,c_pwls
rsqrpecn,-100.001720000172,c_pwls
rvisp,-100.00060533339388,c_pwls
rvispecn,-100.000920000092,c_pwls
sqrp,-100.00212564123822,c_pwls
sqrpecn,-100.00396772766952,c_pwls
visp,-100.00108500010849,c_pwls
vispecn,-100.00207780508585,c_pwls
