instance_class,DSATUR,wilcoxon_best
reecn,-99.99690866635754,DSATUR
rsqrp,-99.998529999853,DSATUR
rsqrpecn,-99.997789999779,DSATUR
rvisp,-99.99916666658332,DSATUR
rvispecn,-99.99848749984875,DSATUR
sqrp,-99.99711307663442,DSATUR
sqrpecn,-99.99480409038948,DSATUR
visp,-99.99839999983998,DSATUR
vispecn,-99.9965065850165,DSATUR
